図鑑No,名前,種族,属性,装備,メモリ,SS,必殺技,継承技(習得Lv),退化,進化
1,クラモン,フリー,無,0,2,"無邪気な瞳
：命中率と回避率が１％上昇する。",アワ,-,-,ツメモン
,,,,,,,,,,パグモン
2,バブモン,フリー,無,0,2,"無邪気な瞳
：命中率と回避率が１％上昇する。",アワ,-,-,モチモン
,,,,,,,,,,ピョコモン
,,,,,,,,,,タネモン
3,プニモン,フリー,無,0,2,"無邪気な瞳
：命中率と回避率が１％上昇する。",アワ,-,-,ニャロモン
,,,,,,,,,,ツノモン
4,ボタモン,フリー,無,0,2,"無邪気な瞳
：命中率と回避率が１％上昇する。",アワ,-,-,コロモン
,,,,,,,,,,ワニャモン
5,ポヨモン,フリー,無,0,2,"無邪気な瞳
：命中率と回避率が１％上昇する。",アワ,-,-,プカモン
,,,,,,,,,,トコモン
6,コロモン,フリー,火,0,3,"無邪気な瞳
：命中率と回避率が１％上昇する。",アワ,ヴォルケナパームⅠ(5),ボタモン,アグモン
,,,,,,,,,,ハックモン
,,,,,,,,,,ギルモン
,,,,,,,,,,トイアグモン
7,タネモン,フリー,草木,0,3,"無邪気な瞳
：命中率と回避率が１％上昇する。",アワ,ガイアエレメントⅠ(5),バブモン,ララモン
,,,,,,,,,,パルモン
,,,,,,,,,,レナモン
8,ツノモン,フリー,地面,0,3,"無邪気な瞳
：命中率と回避率が１％上昇する。",アワ,コメットハンマーⅠ(5),プニモン,ガブモン
,,,,,,,,,,ゴブリモン
,,,,,,,,,,ブイモン
,,,,,,,,,,ガブモン(黒)
9,ツメモン,フリー,闇,0,3,"無邪気な瞳
：命中率と回避率が１％上昇する。",アワ,デストロイキャノンⅠ(5),クラモン,ケラモン
,,,,,,,,,,ピコデビモン
,,,,,,,,,,アグモン(黒)
10,トコモン,フリー,無,0,3,"無邪気な瞳
：命中率と回避率が１％上昇する。",アワ,ヘビーストライクⅠ(5),ポヨモン,ファルコモン
,,,,,,,,,,ホークモン
,,,,,,,,,,ルーチェモン
,,,,,,,,,,パタモン
11,ニャロモン,フリー,光,0,3,"無邪気な瞳
：命中率と回避率が１％上昇する。",アワ,セイントナックルⅠ(5),プニモン,アルマジモン
,,,,,,,,,,プロットモン
,,,,,,,,,,テリアモン
12,パグモン,フリー,闇,0,3,"無邪気な瞳
：命中率と回避率が１％上昇する。",アワ,ナイトメアⅠ(5),クラモン,ガジモン
,,,,,,,,,,インプモン
,,,,,,,,,,ロップモン
13,ピョコモン,フリー,草木,0,3,"無邪気な瞳
：命中率と回避率が１％上昇する。",アワ,クレセントリーフⅠ(5),バブモン,エレキモン
,,,,,,,,,,ワームモン
,,,,,,,,,,ピヨモン
14,プカモン,フリー,水,0,3,"無邪気な瞳
：命中率と回避率が１％上昇する。",アワ,ハイドロウォーターⅠ(5),ポヨモン,ベタモン
,,,,,,,,,,ゴマモン
,,,,,,,,,,オタマモン
,,,,,,,,,,シャコモン
15,モチモン,フリー,無,0,3,"無邪気な瞳
：命中率と回避率が１％上昇する。",アワ,パワーエナジーⅠ(5),バブモン,ゴツモン
,,,,,,,,,,ハグルモン
,,,,,,,,,,テントモン
,,,,,,,,,,ソーラーモン
16,ワニャモン,フリー,風,0,3,"無邪気な瞳
：命中率と回避率が１％上昇する。",アワ,ウインドクロウⅠ(5),ボタモン,ドルガモン
,,,,,,,,,,ガオモン
,,,,,,,,,,クダモン
17,アグモン,ワクチン,火,1,5,"ドラゴンズロア
：火属性スキルで与えるダメージが１５％増加する。",ベビーフレイム,"ヘビーストライクⅠ(6)
アタックチャージ(12)",コロモン,ジオグレイモン
,,,,,,,,,,グレイモン
,,,,,,,,,,メラモン
,,,,,,,,,,ティラノモン
,,,,,,,,,,スカモン
18,アグモン(黒),ウィルス,火,1,5,"竜の怒り
：攻撃力が１５％上昇する。",スピットファイア,"ヴォルケナパームⅠ(6)
ガードチャージ(12)",ツメモン,グラウモン
,,,,,,,,,,サイクロモン
,,,,,,,,,,タンクモン
,,,,,,,,,,ティラノモン
,,,,,,,,,,グレイモン(青)
19,アルマジモン,フリー,地面,1,4,"鉄壁の護り
：防御力が１５％上昇する。",ローリングストーン,"グランドロックⅠ(6)
ショック(12)",ニャロモン,アンキロモン
,,,,,,,,,,サイクロモン
,,,,,,,,,,ゴールドヌメモン
,,,,,,,,,,タンクモン
,,,,,,,,,,ゲレモン
20,インプモン,ウィルス,闇,1,5,"巧みな知恵
：知力が１５％上昇する。",サモン,"ナイトメアⅠ(6)
アイドルバブル(12)",パグモン,バケモン
,,,,,,,,,,オーガモン
,,,,,,,,,,ソーサリモン
,,,,,,,,,,ブラックテイルモン
,,,,,,,,,,ウィザーモン
,,,,,,,,,,アイスデビモン
21,エレキモン,データ,電気,1,4,"メタルエンパイア
：電気属性スキルで与えるダメージが１５％増加する。",スパークリングサンダー,"ヘブンズサンダーⅠ(6)
ビリビリネット(12)",ピョコモン,ガルルモン
,,,,,,,,,,レオモン
,,,,,,,,,,ナニモン
,,,,,,,,,,スカモン
,,,,,,,,,,ガルルモン(黒)
,,,,,,,,,,ゲレモン
22,オタマモン,ウィルス,水,1,4,"深海の眠り
：アタックをした時に、１０％の確率で対象を眠りにする。",ララバイバブル,"ハイドロウォーターⅠ(6)
アンチスリープ(12)",プカモン,ゲコモン
,,,,,,,,,,ヌメモン
,,,,,,,,,,シードラモン
,,,,,,,,,,カラツキヌメモン
23,ガオモン,データ,無,1,5,"フェイント
：回避率が７％上昇する。",ダブルバックハンド,"アンチスタン(6)
アジリティチャージ(12)",ワニャモン,ガルゴモン
,,,,,,,,,,ガオガモン
,,,,,,,,,,レオモン
,,,,,,,,,,トゲモン
,,,,,,,,,,オーガモン
24,ガジモン,ウィルス,闇,1,4,"ナイトメアソルジャーズ
：闇属性スキルで与えるダメージが１５％増加する。",パラライズブレス,"デストロイキャノンⅠ(6)
パニックウィスプ(12)",パグモン,ドルガモン
,,,,,,,,,,ガオガモン
,,,,,,,,,,レオモン
,,,,,,,,,,クリサリモン
,,,,,,,,,,ナニモン
,,,,,,,,,,ガルルモン(黒)
25,ガブモン,データ,火,1,5,"野生の鼓動
：素早さが１５％上昇する。",プチファイアー,"バーストフレイムⅠ(6)
アンチスタン(12)",ツノモン,ドルガモン
,,,,,,,,,,ガルルモン
,,,,,,,,,,ヌメモン
,,,,,,,,,,ブイドラモン
,,,,,,,,,,ユキダルモン
26,ガブモン(黒),ウィルス,火,1,5,"威嚇
：アタックをした時に、１０％の確率で対象をスタンにする。",リトルホーン,"グランドロックⅠ(6)
アンチパニック(12)",ツノモン,ガルルモン(黒)
,,,,,,,,,,ベジーモン
,,,,,,,,,,レッパモン
,,,,,,,,,,ユキダルモン
27,ギルモン,ウィルス,火,1,5,"オールラウンダー
：攻撃力・防御力・知力・素早さが５％上昇する。",ロックブレイカー,"ヴォルケナパームⅠ(6)
アタックチャージ(12)",コロモン,ジオグレイモン
,,,,,,,,,,グラウモン
,,,,,,,,,,メラモン
,,,,,,,,,,ティラノモン
,,,,,,,,,,グレイモン(青)
28,クダモン,ワクチン,光,1,5,"神秘の護り
：状態異常を受ける確率が５０％低下する。",絶光衝,"セイントナックルⅠ(6)
ホーリーライトⅠ(12)",ワニャモン,エンジェモン
,,,,,,,,,,ゴールドヌメモン
,,,,,,,,,,ペックモン
,,,,,,,,,,レッパモン
29,ケラモン,フリー,闇,1,5,"破壊神
：アタックをした時に、１０％の確率で対象を即死させる。",クレイジーギグル,"デストロイキャノンⅠ(6)
ガードブレイク(12)",ツメモン,バケモン
,,,,,,,,,,クリサリモン
,,,,,,,,,,プラチナスカモン
,,,,,,,,,,ウィザーモン
30,ゴツモン,データ,地面,1,5,"アニマルコロシアム
：地面属性スキルで与えるダメージが１５％増加する。",アングリーロック,"ガードチャージ(6)
コメットハンマーⅠ(12)",モチモン,アンキロモン
,,,,,,,,,,クロックモン
,,,,,,,,,,スターモン
,,,,,,,,,,タンクモン
31,ゴブリモン,ウィルス,地面,1,4,"渾身の一撃
：クリティカル発生率が１５％上昇する。",ゴブリストライク,"コメットハンマーⅠ(6)
ショック(12)",ツノモン,ガオガモン
,,,,,,,,,,グラウモン
,,,,,,,,,,ナニモン
,,,,,,,,,,オーガモン
,,,,,,,,,,グレイモン(青)
32,ゴマモン,ワクチン,水,1,5,"ディープセイバーズ
：水属性スキルで与えるダメージが１５％増加する。",マーチングフィッシーズ,"アイドルバブル(6)
アンチパニック(12)",プカモン,アンキロモン
,,,,,,,,,,イッカクモン
,,,,,,,,,,ソーサリモン
,,,,,,,,,,ユキダルモン
33,シャコモン,ウィルス,水,1,4,"ディープセイバーズ
：水属性スキルで与えるダメージが１５％増加する。",ブラックパール,"アイスアーチェリーⅠ(6)
アンチスリープ(12)",プカモン,イッカクモン
,,,,,,,,,,カラツキヌメモン
,,,,,,,,,,ゲコモン
,,,,,,,,,,シードラモン
34,ソーラーモン,ワクチン,光,1,4,"フル稼働マシーン
：眠りにかからなくなる",シャイニーリング,"ホーリーライトⅠ(6)
シャインレーザーⅠ(12)",モチモン,クロックモン
,,,,,,,,,,ゲレモン
,,,,,,,,,,スターモン
,,,,,,,,,,メラモン
35,テリアモン,ワクチン,風,1,4,"百発百中
：命中率が１５％上昇する。",プチツイスター,"ヒール(6)
スピードチャージ(12)",ニャロモン,ガルゴモン
,,,,,,,,,,イッカクモン
,,,,,,,,,,テイルモン
,,,,,,,,,,ラピッドモン(アーマー)
36,テントモン,ワクチン,草木,1,4,"痺れ流し
：麻痺にかからなくなる。",プチサンダー,"ナノマシンブレイクⅠ(6)
ビリビリネット(12)",モチモン,カブテリモン
,,,,,,,,,,ワスプモン
,,,,,,,,,,クワガーモン
,,,,,,,,,,スティングモン
,,,,,,,,,,サンフラウモン
37,トイアグモン,ワクチン,無,1,4,"鉄壁の護り
：防御力が１５％上昇する。",トイフレイム,"パワーエナジーⅠ(6)
バーストフレイムⅠ(12)",コロモン,クロックモン
,,,,,,,,,,グレイモン
,,,,,,,,,,ガードロモン
,,,,,,,,,,スカモン
,,,,,,,,,,スターモン
38,ドルモン,データ,無,1,5,"渾身の一撃
：クリティカル発生率が１５％上昇する。",メタルキャノン,"ヴォルケナパームⅠ(6)
クリティカルチャージ(12)",ワニャモン,サイクロモン
,,,,,,,,,,ドルガモン
,,,,,,,,,,ガードロモン
,,,,,,,,,,ワスプモン
39,ハグルモン,ウィルス,電気,1,4,"メタルエンパイア
：電気属性スキルで与えるダメージが１５％増加する。",ダークネスギア,"ナノマシンブレイクⅠ(6)
ヘブンズサンダーⅠ(12)",モチモン,クロックモン
,,,,,,,,,,ゴールドヌメモン
,,,,,,,,,,ガードロモン
,,,,,,,,,,スターモン
,,,,,,,,,,プラチナスカモン
40,パタモン,データ,風,1,4,"ジャスティスゲノム
：光属性スキルで当てるダメージが１５％増加する。",エアショット,"ソニックヴォイドⅠ(6)
メンタルチャージ(12)",トコモン,エンジェモン
,,,,,,,,,,バードラモン
,,,,,,,,,,レッパモン
,,,,,,,,,,テイルモン
,,,,,,,,,,エクスブイモン
41,ハックモン,データ,火,1,5,"バトルセンス
：ＨＰ１０％以下になったとき、攻撃力が５０％上昇する。",フィフスラッシュ,"ヒール(6)
ヴォルケナパームⅢ(12)",コロモン,ジエスモン
,,,,,,,,,,グレイモン
,,,,,,,,,,ジオグレイモン
,,,,,,,,,,プラチナスカモン
42,パルモン,データ,草木,1,5,"猛毒のトゲ
：アタックをした時に１０％の確率で対象を猛毒にする。",ポイズンアイビー,"クレセントリーフⅠ(6)
アンチポイズン(12)",タネモン,クワガーモン
,,,,,,,,,,トゲモン
,,,,,,,,,,ベジーモン
,,,,,,,,,,サンフラウモン
,,,,,,,,,,ウッドモン
43,ピコデビモン,ウィルス,闇,1,4,"ナイトメアソルジャーズ
：闇属性スキルで与えるダメージが１５％増加する。",ピコダーツ,"パニックウィスプ(6)
アタックブレイク(12)",ツメモン,バケモン
,,,,,,,,,,デビモン
,,,,,,,,,,キュウビモン
,,,,,,,,,,クリサリモン
,,,,,,,,,,アイスデビモン
44,ピヨモン,ワクチン,風,1,4,"不死鳥の羽
：即死にかからなくなる。",マジカルファイアー,"ソニックヴォイドⅠ(6)
メンタルチャージ(12)",ピョコモン,カブテリモン
,,,,,,,,,,アクィラモン
,,,,,,,,,,バードラモン
,,,,,,,,,,キュウビモン
45,ファルコモン,ワクチン,風,1,5,"ウィンドガーディアンズ
：風属性スキルで与えるダメージが１５％増加する。",手裏裏剣,"スピードチャージ(6)
アンチパラライズ(12)",トコモン,スティングモン
,,,,,,,,,,エクスブイモン
,,,,,,,,,,アクィラモン
,,,,,,,,,,ペックモン
46,ブイモン,フリー,無,1,5,"竜の怒り
：攻撃力が１５％上昇する。",ブイモンヘッド,"ヘビーストライクⅠ(6)
ウインドクロウⅠ(12)",ツノモン,フレイドラモン
,,,,,,,,,,マグナモン
,,,,,,,,,,ブイドラモン
,,,,,,,,,,エクスブイモン
47,プロットモン,ワクチン,光,1,4,"ホーリーリング
：ＨＰ回復効果が２０％増加する。",パピーハウリング,"ホーリーライトⅠ(6)
ヒール(12)",ニャロモン,ユキダルモン
,,,,,,,,,,レッパモン
,,,,,,,,,,テイルモン
,,,,,,,,,,ブイドラモン
,,,,,,,,,,ソーサリモン
48,ベタモン,ウィルス,水,1,4,"不思議なウロコ
：受けるステータス下降効果を５％軽減する。",電撃ビリリン,"アイスアーチェリーⅠ(6)
アンチパラライズ(12)",プカモン,ゲコモン
,,,,,,,,,,ヌメモン
,,,,,,,,,,シードラモン
,,,,,,,,,,カラツキヌメモン
,,,,,,,,,,ベジーモン
49,ホークモン,フリー,風,1,5,"ウィンドガーディアンズ
：風属性スキルで与えるダメージが１５％増加する。",フェザースラッシュ,"ウインドクロウⅠ(6)
ソニックヴォイドⅠ(12)",トコモン,メラモン
,,,,,,,,,,アクィラモン
,,,,,,,,,,バードラモン
,,,,,,,,,,ペックモン
50,ララモン,データ,草木,1,4,"フラワーガード
：猛毒にかからなくなる。",ナッツシュート,"ベノムトラップ(6)
アンチポイズン(12)",タネモン,サンフラウモン
,,,,,,,,,,トゲモン
,,,,,,,,,,ベジーモン
,,,,,,,,,,ウッドモン
51,ルーチェモン,ワクチン,光,1,14,"ジャスティスゲノム
：光属性スキルで与えるダメージが１５％増加する。",グランドクロス,"リバイブ(15)
ホーリーライトⅢ(25)
シャインレーザーⅡ(35)
エクスオーラ(45)",トコモン,エンジェモン
,,,,,,,,,,デビモン
,,,,,,,,,,ルーチェモンＦＭ
52,レナモン,データ,草木,1,5,"巧みな知恵
：知力が１５％上昇する。",狐葉楔,"ガイアエレメントⅠ(6)
アンチパニック(12)",タネモン,ブラックテイルモン
,,,,,,,,,,ガルルモン
,,,,,,,,,,キュウビモン
,,,,,,,,,,ウッドモン
53,ロップモン,データ,地面,1,4,"アニマルコロシアム
：地面属性スキルで与えるダメージが１５％増加する。",ブレイジングアイス,"グランドロックⅠ(6)
メンタルブレイク(12)",パグモン,ガルゴモン
,,,,,,,,,,デビモン
,,,,,,,,,,ブラックテイルモン
,,,,,,,,,,ウィザーモン
54,ワームモン,フリー,草木,1,4,"ネイチャースピリッツ
：草木属性スキルで与えるダメージが１５％増加する。",ネバネバネット,"ベノムトラップ(6)
スピードブレイク(12)",ピョコモン,ワスプモン
,,,,,,,,,,カブテリモン
,,,,,,,,,,クワガーモン
,,,,,,,,,,スティングモン
,,,,,,,,,,アイスデビモン
55,アイスデビモン,ウィルス,水,1,8,"心頭滅却
：混乱にかからなくなる。",フロストクロー,"アイスアーチェリーⅡ(10)
スピリットドレイン(18)
ヘルクラッシャーⅠ(25)",インプモン,ヴァンデモン
,,,,,,,,,ピコデビモン,ジュレイモン
,,,,,,,,,ワームモン,レディーデビモン
56,アクィラモン,フリー,風,1,8,"ウィンドガーディアンズ
：風属性スキルで与えるダメージが１５％増加する。",グライドホーン,"ウインドクロウⅡ(10)
ソニックヴォイドⅡ(18)
ゲイルストームⅠ(25)",ピヨモン,エアロブイドラモン
,,,,,,,,,ファルコモン,ガルダモン
,,,,,,,,,ホークモン,シルフィーモン
,,,,,,,,,,ヤタガラモン
57,アンキロモン,フリー,地面,2,6,"鉄壁の護り
：防御力が１５％上昇する。",テイルハンマー,"グランドロックⅡ(10)
アンチスタン(18)
アースクエイクⅠ(25)",アルマジモン,ホーリーエンジェモン
,,,,,,,,,ゴツモン,インセキモン
,,,,,,,,,ゴマモン,シャッコウモン
,,,,,,,,,,スカルグレイモン
58,イッカクモン,ワクチン,水,1,8,"ディープセイバーズ
：水属性スキルで与えるダメージが１５％増加する。",ハープーンバルカン,"アイスアーチェリーⅡ(10)
オーシャンウェーブⅠ(18)
ヒール(25)",ゴマモン,マッハガオガモン
,,,,,,,,,シャコモン,ホエーモン
,,,,,,,,,テリアモン,ズドモン
59,ウィザーモン,データ,闇,1,8,"巧みな知恵
：知力が１５％上昇する。",サンダークラウド,"ナイトメアⅡ(10)
ヘルクラッシャーⅠ(18)
ソニックヴォイドⅡ(25)",インプモン,デスメラモン
,,,,,,,,,ケラモン,ヴァンデモン
,,,,,,,,,ロップモン,ワイズモン
60,ウッドモン,ウィルス,草木,2,6,"奇怪な踊り
：アタックをした時に、１０％の確率で対象を混乱にする。",ブランチドレイン,"ガイアエレメントⅡ(10)
クレセントリーフⅡ(18)
パワーエナジーⅡ(25)",パルモン,ジュレイモン
,,,,,,,,,ララモン,パンプモン
,,,,,,,,,レナモン,タオモン
61,エクスブイモン,フリー,無,1,8,"竜の怒り
：攻撃力が１５％上昇する。",エクスレイザー,"ヘビーストライクⅡ(10)
マッハラッシュⅠ(18)
ホーリーライトⅡ(25)",パタモン,ホーリーエンジェモン
,,,,,,,,,ファルコモン,パイルドラモン
,,,,,,,,,ブイモン,ライズグレイモン
62,エンジェモン,ワクチン,光,1,8,"ジャスティスゲノム
：光属性スキルで与えるダメージが１５％増加する。",ヘブンズナックル,"ホーリーライトⅡ(10)
エクスヒール(18)
シャインレーザーⅠ(25)",クダモン,ガルダモン
,,,,,,,,,パタモン,ホーリーエンジェモン
,,,,,,,,,ルーチェモン,シャッコウモン
63,オーガモン,ウィルス,地面,1,8,"渾身の一撃
：クリティカル発生率が１５％上昇する。",覇王拳,"コメットハンマーⅡ(10)
クリティカルチャージ(18)
デストロイキャノンⅡ(25)",インプモン,デスメラモン
,,,,,,,,,ガオモン,デジタマモン
,,,,,,,,,ゴブリモン,ワーガルルモン
64,ガードロモン,ウィルス,電気,2,6,"メタルエンパイア
：電気属性スキルで与えるダメージが１５％増加する。",Ｄグレネード,"ナノマシンブレイクⅡ(10)
ガードチャージ(18)
ヘブンズサンダーⅡ(25)",トイアグモン,アンドロモン
,,,,,,,,,ドルモン,グラップレオモン
,,,,,,,,,ハグルモン,メタルマメモン
,,,,,,,,,,ナノモン
65,ガオガモン,データ,風,1,8,"フェイント
：回避率が７％上昇する。",スパイラルブロー,"ソニックヴォイドⅡ(10)
ゲイルストームⅠ(18)
アイスアーチェリーⅡ(25)",ガオモン,グラップレオモン
,,,,,,,,,ガジモン,マッハガオガモン
,,,,,,,,,ゴブリモン,ワーガルルモン
66,カブテリモン,ワクチン,草木,2,6,"痺れ流し
：麻痺にかからなくなる。",メガブラスター,"クレセントリーフⅡ(10)
メンタルチャージ(18)
ヘブンズサンダーⅡ(25)",テントモン,アトラーカブテリモン
,,,,,,,,,ピヨモン,ジュレイモン
,,,,,,,,,ワームモン,ライラモン
67,カラツキヌメモン,ウィルス,水,2,6,"ものひろい
：敵がアイテムを落とす確率が増加する。",熟成ウンチ,"アイドルバブル(10)
ガードブレイク(18)
ガードチャージ(25)",オタマモン,ブラックキングヌメモン
,,,,,,,,,シャコモン,メガシードラモン
,,,,,,,,,ベタモン,トノサマゲコモン
68,ガルゴモン,ワクチン,電気,2,6,"百発百中
：命中率が１５％上昇する。",ダムダムアッパー,"ビリビリネット(10)
サンダーフォールⅠ(18)
マッハラッシュⅠ(25)",ガオモン,メガログラウモン
,,,,,,,,,テリアモン,アンティラモン
,,,,,,,,,ロップモン,ラピッドモン
69,ガルルモン,ワクチン,火,1,8,"野生の鼓動
：素早さが１５％上昇する。",フォックスファイアー,"スピードチャージ(10)
グランドロックⅡ(18)
とんずらダッシュ(25)",エレキモン,ドルグレモン
,,,,,,,,,ガブモン,パンジャモン
,,,,,,,,,レナモン,ワーガルルモン
,,,,,,,,,,ズドモン
70,ガルルモン(黒),ウィルス,火,1,8,"威嚇
：アタックをした時に、１０％の確率で対象をスタンにする。",フリーズファング,"スピードチャージ(10)
グランドロックⅡ(18)
アジリティチャージ(25)",ガブモン(黒),ワーガルルモン(黒)
,,,,,,,,,エレキモン,ブルーメラモン
,,,,,,,,,ガジモン,マッハガオガモン
71,キュウビモン,データ,火,1,8,"巧みな知恵
：知力が１５％上昇する。",鬼火玉,"バーストフレイムⅡ(10)
パニックウィスプ(18)
メンタルチャージ(25)",ピコデビモン,レディーデビモン
,,,,,,,,,ピヨモン,もんざえモン
,,,,,,,,,レナモン,タオモン
72,グラウモン,ウィルス,火,1,8,"オールラウンダー
：攻撃力・防御力・知力・素早さが５％上昇する。",エキゾーストフレイム,"ヴォルケナパームⅡ(10)
コメットハンマーⅡ(18)
チェインプラス(25)",アグモン(黒),ギガドラモン
,,,,,,,,,ギルモン,メガログラウモン
,,,,,,,,,ゴブリモン,メタルグレイモン
,,,,,,,,,,メタルティラノモン
73,クリサリモン,フリー,闇,1,8,"破壊神
：アタックをした時に１０％の確率で対象を即死させる。",データクラッシャー,"デストロイキャノンⅡ(10)
ナノマシンブレイクⅡ(18)
ガードブレイク(25)",ガジモン,サイバードラモン
,,,,,,,,,ケラモン,インフェルモン
,,,,,,,,,ピコデビモン,タオモン
74,グレイモン,ワクチン,火,1,8,"ドラゴンズロア
：火属性スキルで与えるダメージが１５％増加する。",メガフレイム,"ヴォルケナパームⅡ(10)
ヘビーストライクⅡ(18)
アクセルブースト(25)",アグモン,メタルグレイモン
,,,,,,,,,トイアグモン,メタルグレイモン(青)
,,,,,,,,,ハックモン,メガドラモン
,,,,,,,,,,スカルグレイモン
75,グレイモン(青),ウィルス,火,1,8,"竜の怒り
：攻撃力が１５％上昇する。",ビットファイアー,"ヴォルケナパームⅡ(10)
メテオフォールⅠ(18)
ヒットチャージ(25)",アグモン(黒),メタルグレイモン(青)
,,,,,,,,,ギルモン,ナイトモン
,,,,,,,,,ゴブリモン,ドルグレモン
76,クロックモン,データ,電気,2,6,"メタルエンパイア
：電気属性スキルで与えるダメージが１５％増加する。",クロノブレーカー,"ヘブンズサンダーⅡ(10)
ヒール(18)
アイドルバブル(25)",ゴツモン,アンドロモン
,,,,,,,,,トイアグモン,ナイトモン
,,,,,,,,,ハグルモン,ナノモン
,,,,,,,,,ソーラーモン,ワイズモン
77,クワガーモン,ウィルス,草木,2,6,"ネイチャースピリッツ
：草木属性スキルで与えるダメージが１５％増加する。",シザーアームズ,"クレセントリーフⅡ(10)
デストロイキャノンⅡ(18)
ゲイルストームⅠ(25)",テントモン,ジュレイモン
,,,,,,,,,パルモン,オオクワモン
,,,,,,,,,ワームモン,キャノンビーモン
78,ゲコモン,ウィルス,水,2,6,"深海の眠り
：アタックをした時に、１０％の確率で対象を眠りにする。",クラッシュシンフォニー,"ハイドロウォーターⅡ(10)
アタックブレイク(18)
アンチスリープ(25)",オタマモン,メガシードラモン
,,,,,,,,,シャコモン,トノサマゲコモン
,,,,,,,,,ベタモン,ホエーモン
79,ゲレモン,ウィルス,電気,2,6,"逃げるが勝ち
：逃走に成功しやすくなる。",ハイパースメル,"ベノムトラップ(10)
ガードチャージ(18)
ナノマシンブレイクⅡ(25)",アルマジモン,エテモン
,,,,,,,,,エレキモン,スーパースターモン
,,,,,,,,,ソーラーモン,メタルマメモン
80,ゴールドヌメモン,ウィルス,光,2,6,"ミリオネア
：バトルで得られるＹＥＮが増加する。",ゴルドリアンラッシュ,"アンチドット(10)
リバイブ(18)
テクスチャブロー(25)",アルマジモン,ベーダモン
,,,,,,,,,クダモン,プラチナヌメモン
,,,,,,,,,ハグルモン,ブラックキングヌメモン
81,サイクロモン,ウィルス,地面,2,6,"火事場の馬鹿力
：ＨＰ５０％以下になったとき、攻撃力が２０％上昇する。",ハイパーヒート,"クリティカルチャージ(10)
アースクエイクⅠ(18)
クロスカウンター(25)",アグモン(黒),メガドラモン
,,,,,,,,,アルマジモン,ドルグレモン
,,,,,,,,,ドルモン,ナノモン
82,サンフラウモン,データ,草木,2,6,"フラワーガード
：猛毒にかからなくなる。",サンシャインビーム,"ガイアエレメントⅡ(10)
ホーリーライトⅡ(18)
エクスヒール(25)",テントモン,エンジェウーモン
,,,,,,,,,パルモン,ライラモン
,,,,,,,,,ララモン,リリモン
83,シードラモン,データ,水,2,6,"不思議なウロコ
：受けるステータス下降効果を５％軽減する。",アイスアロー,"ハイドロウォーターⅡ(10)
アンチパニック(18)
リフレクトミラー(25)",オタマモン,トノサマゲコモン
,,,,,,,,,シャコモン,メガシードラモン
,,,,,,,,,ベタモン,ホエーモン
84,ジオグレイモン,ワクチン,火,1,8,"火事場の馬鹿力
：ＨＰ５０％以下になったとき、攻撃力が２０％上昇する。",メガバースト,"ヴォルケナパームⅡ(10)
ヘビーストライクⅡ(18)
クロスカウンター(25)",アグモン,ギガドラモン
,,,,,,,,,ギルモン,ライズグレイモン
,,,,,,,,,ハックモン,スカルグレイモン
85,スカモン,ウィルス,地面,2,6,"逃げるが勝ち
：逃走に成功しやすくなる。",ウンチ,"パニックウィスプ(10)
メンタルブレイク(18)
ナイトメアⅡ(25)",アグモン,スーパースターモン
,,,,,,,,,エレキモン,エテモン
,,,,,,,,,トイアグモン,ベーダモン
86,スターモン,データ,無,2,6,"正義の結束
：コンボが発生・継続する確率が１０％上昇する。",メテオスコール,"ヘビーストライクⅡ(10)
セイントナックルⅡ(18)
パワーエナジーⅡ(25)",ゴツモン,マメモン
,,,,,,,,,トイアグモン,メタルマメモン
,,,,,,,,,ハグルモン,スーパースターモン
,,,,,,,,,ソーラーモン,
87,スティングモン,フリー,草木,1,8,"ネイチャースピリッツ
：草木属性スキルで与えるダメージが１５％増加する。",スパイキングフィニッシュ,"クレセントリーフⅡ(10)
ゲイルストームⅠ(18)
ウインドクロウⅡ(25)",テントモン,インフェルモン
,,,,,,,,,ファルコモン,パイルドラモン
,,,,,,,,,ワームモン,オオクワモン
88,ソーサリモン,ワクチン,水,1,8,"心頭滅却
：混乱にかからなくなる。",クリスタルクラウド,"ハイドロウォーターⅡ(10)
リフレクトミラー(18)
エクスヒール(25)",インプモン,アンティラモン
,,,,,,,,,ゴマモン,ピッコロモン
,,,,,,,,,プロットモン,ワイズモン
89,タンクモン,データ,電気,2,6,"鉄壁の護り
：防御力が１５％上昇する。",ハイパーキャノン,"ナノマシンブレイクⅡ(10)
ヒットチャージ(18)
ショック(25)",アグモン(黒),アンドロモン
,,,,,,,,,アルマジモン,ギガドラモン
,,,,,,,,,ゴツモン,キャノンビーモン
,,,,,,,,,,ナイトモン
90,ティラノモン,データ,火,2,6,"威嚇
：アタックをした時に、１０％の確率で対象をスタンにする。",ファイアーブレス,"アクセルブースト(10)
ヴォルケナパームⅡ(18)
ヘビーストライクⅡ(25)",アグモン,マメモン
,,,,,,,,,アグモン(黒),メガドラモン
,,,,,,,,,ギルモン,メタルグレイモン(青)
,,,,,,,,,,メタルティラノモン
91,テイルモン,ワクチン,光,1,8,"ホーリーリング
：ＨＰ回復効果が２０％増加する。",ネコパンチ,"ホーリーライトⅡ(10)
オーラ(18)
リバイブ(25)",テリアモン,エンジェウーモン
,,,,,,,,,パタモン,リリモン
,,,,,,,,,プロットモン,シルフィーモン
92,デビモン,ウィルス,闇,1,8,"ナイトメアソルジャーズ
：闇属性スキルで与えるダメージが１５％増加する。",デスクロウ,"デストロイキャノンⅡ(10)
フィジカルドレイン(18)
ヘルクラッシャーⅠ(25)",ピコデビモン,ブルーメラモン
,,,,,,,,,ルーチェモン,インフェルモン
,,,,,,,,,ロップモン,メタルグレイモン(青)
,,,,,,,,,,ヴァンデモン
93,トゲモン,データ,草木,1,8,"猛毒のトゲ
：アタックをした時に、１０％の確率で対象を猛毒にする。",チクチクバンバン,"クレセントリーフⅡ(10)
アンチパラライズ(18)
ビリビリネット(25)",ガオモン,マッハガオガモン
,,,,,,,,,パルモン,リリモン
,,,,,,,,,ララモン,パンプモン
94,ドルガモン,データ,地面,1,8,"渾身の一撃
：クリティカル発生率が１５％上昇する。",パワーメタル,"コメットハンマーⅡ(10)
ガードチャージ(18)
スピードチャージ(25)",ガジモン,ライズグレイモン
,,,,,,,,,ガブモン,ドルグレモン
,,,,,,,,,ドルモン,チィリンモン
95,ナニモン,ウィルス,地面,2,6,"不動
：スタンにかからなくなる。",ウンチダンク,"コメットハンマーⅡ(10)
アタックブレイク(18)
ショック(25)",エレキモン,デジタマモン
,,,,,,,,,ガジモン,スーパースターモン
,,,,,,,,,ゴブリモン,インセキモン
96,ヌメモン,ウィルス,地面,2,6,"ものひろい
：敵がアイテムを落とす確率が増加する。",ウンチ投げ,"ベノムトラップ(10)
スピードブレイク(18)
アイスアーチェリーⅡ(25)",オタマモン,ブラックキングヌメモン
,,,,,,,,,ガブモン,エテモン
,,,,,,,,,ベタモン,もんざえモン
97,バードラモン,ワクチン,火,1,8,"不死鳥の羽
：即死にかからなくなる。",メテオウィング,"バーストフレイムⅡ(10)
アンチポイズン(18)
メテオフォールⅠ(25)",パタモン,エアロブイドラモン
,,,,,,,,,ピヨモン,ガルダモン
,,,,,,,,,ホークモン,チィリンモン
,,,,,,,,,,ヤタガラモン
98,バケモン,ウィルス,闇,2,6,"奇怪な踊り
：アタックをした時に、１０％の確率で対象を混乱にする。",デスチャーム,"ナイトメアⅡ(10)
アジリティチャージ(18)
フィジカルドレイン(25)",インプモン,ブルーメラモン
,,,,,,,,,ケラモン,パンプモン
,,,,,,,,,ピコデビモン,ヴァンデモン
,,,,,,,,,,レディーデビモン
99,ブイドラモン,ワクチン,風,1,8,"竜の怒り
：攻撃力が１５％上昇する。",ブイブレスアロー,"ウインドクロウⅡ(10)
チェインプラス(18)
セイントナックルⅡ(25)",ガブモン,エアロブイドラモン
,,,,,,,,,ブイモン,サイバードラモン
,,,,,,,,,プロットモン,メタルティラノモン
,,,,,,,,,,メガログラウモン
100,プラチナスカモン,ウィルス,ウィルス,2,6,"プラチナボーナス
：バトルで得られるＥＸＰが増加する。",レアメタルウンチ,"アンチバグ(10)
メンタルブレイク(18)
キャラクターリバース(25)",ケラモン,エテモン
,,,,,,,,,ハグルモン,メタルマメモン
,,,,,,,,,ハックモン,ベーダモン
101,ブラックテイルモン,ウィルス,闇,1,8,"ナイトメアソルジャーズ
：闇属性スキルで与えるダメージが１５％増加する。",ネコパンチ,"ナイトメアⅡ(10)
グランドロックⅡ(18)
パワーエナジーⅡ(25)",インプモン,サイバードラモン
,,,,,,,,,レナモン,ナイトモン
,,,,,,,,,ロップモン,レディーデビモン
,,,,,,,,,,ワーガルルモン(黒)
102,ベジーモン,ウィルス,草木,2,6,"ネイチャースピリッツ
：草木属性スキルで与えるダメージが１５％増加する。",超悪臭噴射,"ガイアエレメントⅡ(10)
スピードブレイク(18)
ベノムトラップ(25)",パルモン,デジタマモン
,,,,,,,,,ベタモン,ライラモン
,,,,,,,,,ララモン,アトラーカブテリモン
,,,,,,,,,ガブモン(黒),
103,ペックモン,ワクチン,風,1,8,"ウィンドガーディアンズ
：風属性スキルで与えるダメージが１５％増加する。",苦無羽,"ウインドクロウⅡ(10)
アジリティチャージ(18)
とんずらダッシュ(25)",クダモン,アンティラモン
,,,,,,,,,ファルコモン,ピッコロモン
,,,,,,,,,ホークモン,ヤタガラモン
104,メラモン,データ,火,2,6,"ドラゴンズロア
：火属性スキルで与えるダメージが１５％増加する。",バーニングフィスト,"アタックチャージ(10)
ヴォルケナパームⅡ(18)
バーストフレイムⅡ(25)",アグモン,ブルーメラモン
,,,,,,,,,ギルモン,デスメラモン
,,,,,,,,,ホークモン,マメモン
,,,,,,,,,ソーラーモン,パンジャモン
105,ユキダルモン,ワクチン,水,2,6,"ディープセイバーズ
：水属性スキルで与えるダメージが１５％増加する。",絶対零度パンチ,"アイスアーチェリーⅡ(10)
オーシャンウェーブⅠ(18)
オーラ(25)",ガブモン,ズドモン
,,,,,,,,,ゴマモン,エンジェウーモン
,,,,,,,,,プロットモン,もんざえモン
,,,,,,,,,ガブモン(黒),
106,レオモン,ワクチン,地面,1,8,"アニマルコロシアム
：地面属性スキルで与えるダメージが１５％増加する。",獣王拳,"コメットハンマーⅡ(10)
アタックチャージ(18)
セイントナックルⅡ(25)",エレキモン,グラップレオモン
,,,,,,,,,ガオモン,メタルグレイモン
,,,,,,,,,ガジモン,インセキモン
,,,,,,,,,,パンジャモン
107,レッパモン,ワクチン,光,1,8,"神秘の護り
：状態異常を受ける確率が５０％低下する。",駆駆裂空斬,"セイントナックルⅡ(10)
シャインレーザーⅠ(18)
オーラ(25)",クダモン,ラピッドモン
,,,,,,,,,パタモン,ピッコロモン
,,,,,,,,,プロットモン,チィリンモン
,,,,,,,,,ガブモン(黒),
108,ワスプモン,ウィルス,電気,2,6,"ローヤルコマンド
：アタックをした時に、１０％の確率で対象を麻痺にする。",ターボスティンガー,"ナノマシンブレイクⅡ(10)
ヒットチャージ(18)
ビリビリネット(25)",テントモン,キャノンビーモン
,,,,,,,,,ドルモン,ラピッドモン
,,,,,,,,,ワームモン,アトラーカブテリモン
,,,,,,,,,,オオクワモン
109,アトラーカブテリモン,ワクチン,草木,2,12,"痺れ流し
：麻痺にかからなくなる。",ホーンバスター,"ルーンフォレストⅠ(15)
スピードブレイク(25)
ガイアエレメントⅢ(35)
ルーンフォレストⅡ(45)",カブテリモン,グランクワガーモン
,,,,,,,,,ベジーモン,ホーリードラモン
,,,,,,,,,ワスプモン,ヘラクルカブテリモン
110,アンティラモン,データ,無,2,12,"メディテーション
：毎ターン、ＨＰが最大の５％分回復する。",アシパトラヴァナ,"マッハラッシュⅠ(15)
アンチパラライズ(25)
マッハラッシュⅡ(35)
パワーエナジーⅢ(45)",ガルゴモン,ケルビモン(善)
,,,,,,,,,ベジーモン,ホーリードラモン
,,,,,,,,,ワスプモン,ヘラクルカブテリモン
111,アンドロモン,ワクチン,電気,2,12,"メタルエンパイア
：電気属性スキルで与えるダメージが１５％増加する。",スパイラルソード,"チェインプラス(15)
オーラ(25)
ナノマシンブレイクⅢ(35)
ソニックヴォイドⅢ(45)",ガードロモン,クレニアムモン
,,,,,,,,,クロックモン,ハイアンドロモン
,,,,,,,,,タンクモン,タイガーヴェスパモン
112,インセキモン,データ,地面,2,12,"アニマルコロシアム
：地面属性スキルで与えるダメージが１５％増加する。",コズモフラッシュ,"アースクエイクⅠ(15)
メテオフォールⅠ(25)
グランドロックⅢ(35)
パワーエナジーⅢ(45)",アンキロモン,イーバモン
,,,,,,,,,ナニモン,メタルエテモン
,,,,,,,,,レオモン,ディアナモン
113,インフェルモン,フリー,闇,1,14,"破壊神
：アタックをした時に、１０％の確率で対象を即死させる。",ヘルズグレネード,"デストロイキャノンⅡ(15)
デストラクション(25)
マッハラッシュⅡ(35)
デストロイキャノンⅢ(45)",クリサリモン,ベルゼブモン
,,,,,,,,,スティングモン,ディアボロモン
,,,,,,,,,デビモン,ヴェノムヴァンデモン
114,ヴァンデモン,ウィルス,闇,1,14,"ナイトメアソルジャーズ
：闇属性スキルで与えるダメージが１５％増加する。",ナイトレイド,"ヘルクラッシャーⅠ(15)
スピリットドレイン(25)
ナイトメアⅢ(35)
デストロイキャノンⅢ(45)",ウィザーモン,バルバモン
,,,,,,,,,デビモン,ピエモン
,,,,,,,,,バケモン,ヴェノムヴァンデモン
,,,,,,,,,アイスデビモン,
115,エアロブイドラモン,ワクチン,風,1,14,"神速
：バトル開始時、必ず先制で行動できる。",ドラゴンインパルス,"チェインプラス(15)
スピードチャージ(25)
ウインドクロウⅢ(35)
セイントナックルⅢ(45)",アクィラモン,レイヴモン
,,,,,,,,,バードラモン,デュナスモン
,,,,,,,,,ブイドラモン,アルフォースブイドラモン
116,エテモン,ウィルス,闇,2,12,"強化サルスーツ
：受ける物理ダメージを１５％軽減する。",ラブ・セレナーデ,"ヘルクラッシャーⅠ(15)
とんずらダッシュ(25)
リフレクトミラー(35)
ナイトメアⅢ(45)",スカモン,メタルエテモン
,,,,,,,,,ヌメモン,ピエモン
,,,,,,,,,プラチナスカモン,プラチナヌメモン
,,,,,,,,,ゲレモン,
117,エンジェウーモン,ワクチン,光,1,14,"ホーリーリング
：ＨＰ回復効果が２０％増加する。",ホーリーアロー,"シャインレーザーⅠ(15)
オーラ(25)
リバイブ(35)
ホーリーライトⅢ(45)",サンフラウモン,ホーリードラモン
,,,,,,,,,テイルモン,オファニモン
,,,,,,,,,ユキダルモン,マスティモン
118,オオクワモン,ウィルス,草木,2,12,"ネイチャースピリッツ
：草木属性スキルで与えるダメージが１５％増加する。",シザーアームズΩ,"サンダーフォールⅠ(15)
ベノムトラップ(25)
ヒットチャージ(35)
クレセントリーフⅢ(45)",クワガーモン,ディアボロモン
,,,,,,,,,スティングモン,グランクワガーモン
,,,,,,,,,ワスプモン,ヘラクルカブテリモン
119,ガルダモン,ワクチン,火,2,12,"不死鳥の羽
：即死にかからなくなる。",シャドーウィング,"メテオフォールⅠ(15)
ゲイルストームⅠ(25)
バーストフレイムⅢ(35)
リフレクトミラー(45)",アクィラモン,ホウオウモン
,,,,,,,,,エンジェモン,ジャスティモン
,,,,,,,,,バードラモン,レイヴモン
120,ギガドラモン,ウィルス,風,2,12,"鉄壁の護り
：防御力が１５％上昇する。",ジェノサイドギア,"ショック(15)
ヴォルケナパームⅡ(25)
ウインドクロウⅢ(35)
ヘブンズサンダーⅢ(45)",グラウモン,メタルシードラモン
,,,,,,,,,ジオグレイモン,ムゲンドラモン
,,,,,,,,,タンクモン,グランドロコモン
121,キャノンビーモン,ウィルス,電気,2,12,"ローヤルコマンド
：アタックをした時に、１０％の確率で対象を麻痺にする。",ニトロスティンガー,"サンダーフォールⅠ(15)
メテオフォールⅠ(25)
ナノマシンブレイクⅢ(35)
パニックウィスプ(45)",クワガーモン,セントガルゴモン
,,,,,,,,,タンクモン,グランドロコモン
,,,,,,,,,ワスプモン,タイガーヴェスパモン
122,グラップレオモン,ワクチン,電気,2,12,"野生の鼓動
：素早さが１５％上昇する。",獅子獣波斬,"サンダーフォールⅠ(15)
アジリティチャージ(25)
ナノマシンブレイクⅢ(35)
クロスカウンター(45)",ガードロモン,バンチョーレオモン
,,,,,,,,,ガオガモン,ドゥフトモン
,,,,,,,,,レオモン,サーベルレオモン
123,サイバードラモン,ワクチン,闇,1,14,"正義の結束
：コンボが発生・継続する確率が１０％上昇する。",イレイズクロー,"ベノムトラップ(15)
アタックブレイク(25)
コメットハンマーⅢ(35)
デストロイキャノンⅢ(45)",クリサリモン,ジャスティモン
,,,,,,,,,ブイドラモン,タイタモン
,,,,,,,,,ブラックテイルモン,アルファモン
124,シャッコウモン,フリー,光,1,14,"ジャスティスゲノム
：光属性スキルで与えるダメージが１５％増加する。",アラミタマ,"シャインレーザーⅠ(15)
ディスペル(25)
ホーリーライトⅢ(35)
グランドロックⅢ(45)",アンキロモン,ケルビモン(善)
,,,,,,,,,エンジェモン,ヴァイクモン
,,,,,,,,,,カオスデュークモン
125,ジュレイモン,ウィルス,草木,2,12,"奇怪な踊り
：アタックをした時に、１０％の確率で対象を混乱する。",チェリーボム,"ルーンフォレストⅠ(15)
フィジカルドレイン(25)
ルーンフォレストⅡ(35)
クレセントリーフⅢ(45)",ウッドモン,グランクワガーモン
,,,,,,,,,カブテリモン,クズハモン
,,,,,,,,,クワガーモン,ピノッキモン
,,,,,,,,,アイスデビモン,
126,シルフィーモン,フリー,風,1,14,"ウィンドガーディアンズ
：風属性スキルで与えるダメージが１５％増加する。",トップガン,"ゲイルストームⅠ(15)
クリティカルチャージ(25)
ソニックヴォイドⅢ(35)
ウインドクロウⅢ(45)",アクィラモン,デュナスモン
,,,,,,,,,テイルモン,ホウオウモン
,,,,,,,,,,サクヤモン
127,スーパースターモン,データ,光,2,12,"正義の結束
：コンボが発生・継続する確率が１０％上昇する。",スーパースターアッパー,"シャインレーザーⅠ(15)
アンチスリープ(25)
マッハラッシュⅠ(35)
セイントナックルⅢ(45)",スカモン,ジャスティモン
,,,,,,,,,スターモン,ガンクゥモン
,,,,,,,,,ナニモン,プラチナヌメモン
,,,,,,,,,ゲレモン,
128,スカルグレイモン,ウィルス,闇,1,14,"竜の怒り
：攻撃力が１５％上昇する。",オブリビオンバード,"アクセルブースト(15)
デストラクション(25)
デストロイキャノンⅢ(35)
コメットハンマーⅢ(45)",アンキロモン,デーモン
,,,,,,,,,グレイモン,シャイングレイモン
,,,,,,,,,ジオグレイモン,タイタモン
129,ズドモン,ワクチン,水,2,12,"ディープセイバーズ
：水属性スキルで与えるダメージが１５％増加する。",ハンマースパーク,"ゲイルストームⅠ(15)
ガードブレイク(25)
アイスアーチェリーⅢ(35)
オーシャンウェーブⅡ(45)",イッカクモン,メタルガルルモン
,,,,,,,,,ガルルモン,マリンエンジェモン
,,,,,,,,,ユキダルモン,ヴァイクモン
130,タオモン,データ,闇,2,12,"巧みな知恵
：知力が１５％上昇する。",梵筆閃,"ヘルクラッシャーⅠ(15)
メンタルチャージ(25)
ナイトメアⅢ(35)
ヘルクラッシャーⅡ(45)",ウッドモン,ディアナモン
,,,,,,,,,キュウビモン,クズハモン
,,,,,,,,,クリサリモン,サクヤモン
131,チィリンモン,ワクチン,光,1,14,"神秘の護り
：状態異常を受ける確率が５０％低下する。",疾風天翔剣,"シャインレーザーⅠ(15)
アンチポイズン(25)
リバイブ(35)
ホーリーライトⅢ(45)",ドルガモン,メタルガルルモン
,,,,,,,,,バードラモン,セラフィモン
,,,,,,,,,レッパモン,スレイプモン
132,デジタマモン,データ,無,2,12,"渾身の一撃
：クリティカル発生率が１５％上昇する。",ナイトメアシンドローム,"マッハラッシュⅠ(15)
ルーンフォレストⅠ(25)
デストラクション(35)
ヘビーストライクⅢ(45)",オーガモン,ミネルヴァモン
,,,,,,,,,ナニモン,ベルフェモンＳＭ
,,,,,,,,,ベジーモン,タイタモン
133,デスメラモン,データ,火,2,12,"不動
：スタンにかからなくなる。",ヘヴィーメタルファイアー,"スピードブレイク(15)
フィジカルドレイン(25)
コメットハンマーⅢ(35)
ヴォルケナパームⅢ(45)",ウィザーモン,ガンクゥモン
,,,,,,,,,オーガモン,ベルゼブモン
,,,,,,,,,メラモン,ボルトモン
134,トノサマゲコモン,ウィルス,水,2,12,"深海の眠り
：アタックをした時に、１０％の確率で対象を眠りにする。",コブシトーン,"オーシャンウェーブⅠ(15)
アイドルバブル(25)
オーシャンウェーブⅡ(35)
アイスアーチェリーⅢ(45)",カラツキヌメモン,プレシオモン
,,,,,,,,,ゲコモン,リヴァイアモン
,,,,,,,,,シードラモン,ヴァイクモン
135,ドルグレモン,データ,火,1,14,"渾身の一撃
：クリティカル発生率が１５％上昇する。",メタルメテオ,"アースクエイクⅠ(15)
アタックブレイク(25)
ヴォルケナパームⅢ(35)
クロスカウンター(45)",ガルルモン,アルファモン
,,,,,,,,,サイクロモン,エグザモン
,,,,,,,,,ドルガモン,スレイプモン
,,,,,,,,,グレイモン(青),
136,ナイトモン,データ,無,2,12,"鉄壁の護り
：防御力が１５％上昇する。",ベルセルクソード,"マッハラッシュⅠ(15)
アンチパニック(25)
ヘビーストライクⅢ(35)
マッハラッシュⅡ(45)",クロックモン,クレニアムモン
,,,,,,,,,タンクモン,ドゥフトモン
,,,,,,,,,ブラックテイルモン,ロードナイトモン
,,,,,,,,,グレイモン(青),
137,ナノモン,ウィルス,電気,2,12,"アナライズ
：スキャン値が１０％上昇する。",プラグボム,"ビリビリネット(15)
フィジカルドレイン(25)
ヘブンズサンダーⅢ(35)
パワーエナジーⅢ(45)",ガードロモン,ムゲンドラモン
,,,,,,,,,クロックモン,メタルガルルモン(黒)
,,,,,,,,,サイクロモン,グランドロコモン
138,パイルドラモン,フリー,無,1,14,"背水の陣
：与えるダメージが２０％増加するが、受けるダメージも２０％増加する。",デスペラードブラスター,"マッハラッシュⅠ(15)
サンダーフォールⅠ(25)
ヘビーストライクⅢ(35)
クロスカウンター(45)",エクスブイモン,インペリアルドラモンＤＭ
,,,,,,,,,スティングモン,
139,パンジャモン,ワクチン,水,2,12,"アニマルコロシアム
：地面属性スキルで与えるダメージが１５％増加する。",氷獣拳,"オーシャンウェ－ブⅠ(15)
アジリティチャージ(25)
ハイドロウォーターⅢ(35)
アイスアーチェリーⅢ(45)",ガルルモン,バンチョーレオモン
,,,,,,,,,メラモン,サーベルレオモン
,,,,,,,,,レオモン,ミラージュガオガモン
140,パンプモン,データ,地面,3,10,"奇怪な踊り
：アタックをした時に、１０％の確率で対象を混乱する。",トリックオアトリート,"アースクエイクⅠ(15)
メテオフォールⅠ(25)
コメットハンマーⅢ(35)
テクスチャブロー(45)",ウッドモン,ボルトモン
,,,,,,,,,トゲモン,ピノッキモン
,,,,,,,,,バケモン,ロゼモン
141,ピッコロモン,データ,光,2,12,"妖精の加護
：与えるステータス上昇効果が５％増加する。",ビットボム,"シャインレーザーⅠ(15)
オーシャンウェーブⅠ(25)
ホーリーライトⅢ(35)
エクスヒール(45)",ソーサリモン,ホウオウモン
,,,,,,,,,ペックモン,マリンエンジェモン
,,,,,,,,,レッパモン,オファニモン
142,ブラックキングヌメモン,ウィルス,闇,3,10,"ものひろい
：敵がアイテムを落とす確率が増加する。",ダークピューピル,"アンチドット(15)
テクスチャブロー(25)
チェインマイナス(35)
ナイトメアⅢ(45)",カラツキヌメモン,プラチナヌメモン
,,,,,,,,,ゴールドヌメモン,メタルエテモン
,,,,,,,,,ヌメモン,プリンスマメモン
143,ブルーメラモン,ウィルス,火,2,12,"ドラゴンズロア
：火属性スキルで与えるダメージが１５％増加する。",コールドフレイム,"メテオフォールⅠ(15)
メンタルブレイク(25)
バーストフレイムⅢ(35)
ヴォルケナパームⅢ(45)",デビモン,バルバモン
,,,,,,,,,バケモン,ボルトモン
,,,,,,,,,メラモン,デーモン
,,,,,,,,,ガルルモン(黒),
144,ベーダモン,ウィルス,闇,3,10,"高画質
：液晶化にかからなくなる。",悪魔のなげキッス,"ベノムトラップ(15)
ヘルクラッシャーⅠ(25)
キャラクターリバース(35)
ナイトメアⅢ(45)",ゴールドヌメモン,イーバモン
,,,,,,,,,スカモン,ヘラクルカブテリモン
,,,,,,,,,プラチナスカモン,ハイアンドロモン
145,ホエーモン,ワクチン,水,2,12,"オーシャンラブ
：毎ターン、ＳＰが最大の５％分回復する。",タイダルウェーブ,"オーシャンウェーブⅠ(15)
エクスヒール(25)
ハイドロウォーターⅢ(35)
アイスアーチェリーⅢ(45)",イッカクモン,プレシオモン
,,,,,,,,,ゲコモン,マリンエンジェモン
,,,,,,,,,シードラモン,メタルシードラモン
146,ホーリーエンジェモン,ワクチン,光,1,14,"ジャスティスゲノム
：光属性スキルで与えるダメージが１５％増加する。",ヘブンズゲート,"シャインレーザーⅠ(15)
エクスヒール(25)
ホーリーライトⅢ(35)
リバイブ(45)",アンキロモン,シャイングレイモン
,,,,,,,,,エクスブイモン,ロードナイトモン
,,,,,,,,,エンジェモン,セラフィモン
147,マッハガオガモン,データ,風,2,12,"フェイント
：回避率が７％上昇する。",ウィニングナックル,"サンダーフォールⅠ(15)
アンチスタン(25)
ウインドクロウⅢ(35)
ゲイルストームⅡ(45)",イッカクモン,バンチョーレオモン
,,,,,,,,,ガオガモン,ミラージュガオガモン
,,,,,,,,,トゲモン,セントガルゴモン
,,,,,,,,,ガルルモン(黒),
148,マメモン,データ,地面,3,10,"不動
：スタンにかからなくなる。",スマイリーボマー,"アースクエイクⅠ(15)
とんずらダッシュ(25)
コメットハンマーⅢ(35)
アースクエイクⅡ(45)",スターモン,ピノッキモン
,,,,,,,,,ティラノモン,プリンスマメモン
,,,,,,,,,メラモン,ウォーグレイモン
149,メガシードラモン,データ,水,2,12,"不思議なウロコ
：受けるステータス下降効果を５％軽減する。",サンダージャベリン,"アイドルバブル(15)
メンタルブレイク(25)
ハイドロウォーターⅢ(35)
ヘブンズサンダーⅢ(45)",カラツキヌメモン,リヴァイアモン
,,,,,,,,,ゲコモン,メタルシードラモン
,,,,,,,,,シードラモン,プレシオモン
150,メガドラモン,ウィルス,風,2,12,"百発百中
：命中率が１５％上昇する。",ジェノサイドアタック,"パニックウィスプ(15)
ヴォルケナパームⅡ(25)
ゲイルストームⅡ(35)
ウインドクロウⅢ(45)",グレイモン,ブラックウォーグレイモン
,,,,,,,,,サイクロモン,ムゲンドラモン
,,,,,,,,,ティラノモン,アルフォースブイドラモン
151,メガログラウモン,ウィルス,火,1,14,"オールラウンダー
：攻撃力・防御力・知力・素早さが５％上昇する。",アトミックブラスター,"チェインプラス(15)
ガードブレイク(25)
ヴォルケナパームⅢ(35)
セイントナックルⅢ(45)",ガルゴモン,デュークモン
,,,,,,,,,グラウモン,カオスデュークモン
,,,,,,,,,ブイドラモン,ラストティラノモン
152,メタルグレイモン,ワクチン,火,1,14,"ドラゴンズロア
：火属性スキルで与えるダメージが１５％増加する。",ギガデストロイヤー,"マッハラッシュⅠ(15)
アタックチャージ(25)
メテオフォールⅡ(35)
ヴォルケナパームⅢ(45)",グラウモン,ラストティラノモン
,,,,,,,,,グレイモン,ガイオウモン
,,,,,,,,,レオモン,ウォーグレイモン
153,メタルグレイモン(青),ウィルス,火,1,14,"竜の怒り
：攻撃力が１５％上昇する。",リベンジフレイム,"アースクエイクⅠ(15)
クリティカルチャージ(25)
メテオフォールⅡ(35)
ヴォルケナパームⅢ(45)",グレイモン,ブラックウォーグレイモン
,,,,,,,,,ティラノモン,ガイオウモン
,,,,,,,,,デビモン,ウォーグレイモン
,,,,,,,,,グレイモン(青),
154,メタルティラノモン,ウィルス,電気,2,12,"威嚇
：アタックをした時に、１０％の確率で対象をスタンにする。",ヌークリアレーザー,"ビリビリネット(15)
ガードチャージ(25)
バーストフレイムⅢ(35)
ナノマシンブレイクⅢ(45)",グラウモン,ブラックウォーグレイモン
,,,,,,,,,ティラノモン,デュークモン
,,,,,,,,,ブイドラモン,ラストティラノモン
155,メタルマメモン,データ,電気,3,10,"フル稼働マシーン
：眠りにかからなくなる。",エネルギーボム,"とんずらダッシュ(15)
ヒットチャージ(25)
ナノマシンブレイクⅢ(35)
バーストフレイムⅢ(45)",ガードロモン,イーバモン
,,,,,,,,,スターモン,ハイアンドロモン
,,,,,,,,,プラチナスカモン,プリンスマメモン
,,,,,,,,,ゲレモン,
156,もんざえモン,ワクチン,無,2,12,"プライマルトルーパー
：無属性スキルで与えるダメージが１５％増加する。",ラブリーアタック,"マッハラッシュⅠ(15)
ルーンフォレストⅠ(25)
パニックウィスプ(35)
ヘビーストライクⅢ(45)",キュウビモン,ミネルヴァモン
,,,,,,,,,ヌメモン,サクヤモン
,,,,,,,,,ユキダルモン,サーベルレオモン
157,ヤタガラモン,ワクチン,風,2,12,"ウィンドガーディアンズ
：風属性スキルで与えるダメージが１５％増加する。",甕布都神,"ゲイルストームⅠ(15)
サンダーフォールⅠ(25)
ソニックヴォイドⅢ(35)
リフレクトミラー(45)",アクィラモン,ミネルヴァモン
,,,,,,,,,バードラモン,レイヴモン
,,,,,,,,,ペックモン,クズハモン
158,ライズグレイモン,ワクチン,火,1,14,"火事場の馬鹿力
：ＨＰ５０％以下になったとき、攻撃力が２０％上昇する。",トライデントリボルバー,"チェインプラス(15)
ヒットチャージ(25)
メテオフォールⅡ(35)
ヴォルケナパームⅢ(45)",エクスブイモン,エグザモン
,,,,,,,,,ジオグレイモン,ガイオウモン
,,,,,,,,,ドルガモン,シャイングレイモン
159,ライラモン,データ,草木,2,12,"フラワーガード
：猛毒にかからなくなる。",ライラシャワー,"ルーンフォレストⅠ(15)
オーラ(25)
ルーンフォレストⅡ(35)
ガイアエレメントⅢ(45)",カブテリモン,リリスモン
,,,,,,,,,サンフラウモン,ロトスモン
,,,,,,,,,ベジーモン,ロゼモン
160,ラピッドモン,ワクチン,電気,2,12,"百発百中
：命中率が１５％上昇する。",ゴールデントライアングル,"サンダーフォールⅠ(15)
メテオフォールⅠ(25)
サンダーフォールⅡ(35)
ナノマシンブレイクⅢ(45)",ガルゴモン,セントガルゴモン
,,,,,,,,,レッパモン,タイガーヴェスパモン
,,,,,,,,,ワスプモン,メタルガルルモン(黒)
161,リリモン,データ,草木,2,12,"猛毒のトゲ
：アタックをした時に、１０％の確率で対象を猛毒にする。",フラウカノン,"ルーンフォレストⅠ(15)
エクスヒール(25)
ガイアエレメントⅢ(35)
ルーンフォレストⅡ(45)",サンフラウモン,ホーリードラモン
,,,,,,,,,テイルモン,ロトスモン
,,,,,,,,,トゲモン,ロゼモン
162,ルーチェモンＦＭ,ウィルス,無,1,22,"傲慢
：全ての属性スキルで与えるダメージが５％増加する。",デッド・オア・アライブ,"シャインレーザーⅡ(20)
ヘルクラッシャーⅡ(35)
スピリットドレイン(50)
ヘルクラッシャーⅢ(65)
シャインレーザーⅢ(80)",ルーチェモン,ルーチェモンＳＭ
163,レディーデビモン,ウィルス,闇,1,14,"ナイトメアソルジャーズ
：闇属性スキルで与えるダメージが１５％増加する。",ダークネスウェーブ,"ヘルクラッシャーⅠ(15)
スピリットドレイン(25)
ナイトメアⅢ(35)
ヘルクラッシャーⅡ(45)",キュウビモン,リリスモン
,,,,,,,,,バケモン,ロトスモン
,,,,,,,,,ブラックテイルモン,マスティモン
,,,,,,,,,アイスデビモン,
164,ワーガルルモン,ワクチン,地面,2,12,"野生の鼓動
：素早さが１５％上昇する。",カイザーネイル,"アースクエイクⅠ(15)
メテオフォールⅠ(25)
コメットハンマーⅢ(35)
アースクエイクⅡ(45)",オーガモン,メタルガルルモン
,,,,,,,,,ガオガモン,メタルガルルモン(黒)
,,,,,,,,,ガルルモン,ミラージュガオガモン
165,ワーガルルモン(黒),ウィルス,地面,2,12,"威嚇
：アタックをした時に、１０％の確率で対象をスタンにする。",円月蹴り,"マッハラッシュⅠ(15)
ヴォルケナパームⅡ(25)
コメットハンマーⅢ(35)
マッハラッシュⅡ(45)",ガルルモン(黒),メタルガルルモン(黒)
,,,,,,,,,ブラックテイルモン,ミネルヴァモン
,,,,,,,,,,バンチョーレオモン
166,ワイズモン,ウィルス,闇,2,12,"トリックスター
：アタックをした時に、１０％の確率で対象を液晶化にする。",パンドーラ・ダイアログ,"ヘルクラッシャーⅠ(15)
リフレクトミラー(25)
ヘルクラッシャーⅡ(35)
ナイトメアⅢ(45)",ウィザーモン,ヴェノムヴァンデモン
,,,,,,,,,クロックモン,ベルフェモンＳＭ
,,,,,,,,,ソーサリモン,ピエモン
167,アルファモン,ワクチン,無,1,22,"孤高の騎士
：ロイヤルナイツに与えるダメージが２０％増加する。","王竜剣
デジタライズ・オブ・ソウル","パワーエナジーⅢ(20)
メンタルチャージフィールド(35)
スピードブレイクフィールド(50)
ハイドロウォーターⅢ(65)
マッハラッシュⅢ(80)",サイバードラモン,-
,,,,,,,,,ドルグレモン,
168,アルフォースブイドラモン,ワクチン,風,1,22,"神速
：バトル開始時、必ず先制で行動できる。","シャイニングＶフォース
アルフォースセイバー","ウインドクロウⅢ(20)
メンタルチャージフィールド(35)
スピードチャージフィールド(50)
ゲイルストームⅡ(65)
ゲイルストームⅢ(80)",エアロブイドラモン,-
,,,,,,,,,メガドラモン,
169,イーバモン,ウィルス,電気,3,16,"高画質
：液晶化にかからなくなる。",ブレインラプチュアー,"アタックブレイクフィールド(20)
ヘブンズサンダーⅢ(35)
チェインロスト(50)
サンダーフォールⅡ(65)
キャラクターリバース(80)",インセキモン,-
,,,,,,,,,ベーダモン,
,,,,,,,,,メタルマメモン,
170,インペリアルドラモンＤＭ,フリー,火,2,20,"ドラゴンモード
：防御力と知力が１０％上昇する。",メガデス,"ヘビーストライクⅢ(20)
アタックチャージフィールド(35)
メテオフォールⅢ(50)
ソニックヴォイドⅢ(65)
マッハラッシュⅢ(80)",パイルドラモン,インペリアルドラモンＰＭ
,,,,,,,,,,"インペリアルドラモンＦＭ"
171,インペリアルドラモンＦＭ,フリー,無,2,20,"ファイターモード
：攻撃力と素早さが１０％上昇する。",ポジトロンレーザー,"ヘビーストライクⅢ(20)
アタックチャージフィールド(35)
メテオフォールⅢ(50)
ソニックヴォイドⅢ(65)
マッハラッシュⅢ(80)",-,"インペリアルドラモンＤＭ"
172,ヴァイクモン,フリー,水,3,18,"ディープセイバーズ
：水属性スキルで与えるダメージが１５％増加する。",アークティックブリザード,"アイスアーチェリーⅢ(20)
エクスヒール(35)
メンタルチャージフィールド(50)
ガイアエレメントⅢ(65)
オーシャンウェーブⅢ(80)",シャッコウモン,-
,,,,,,,,,ズドモン,
,,,,,,,,,トノサマゲコモン,
173,ヴェノムヴァンデモン,ウィルス,闇,2,20,"ナイトメアソルジャーズ
：闇属性スキルで与えるダメージが１５％増加する。",ヴェノムインフューズ,"デストロイキャノンⅢ(20)
デストラクション(35)
フィジカルドレイン(50)
ガードブレイクフィールド(65)
ヘルクラッシャーⅢ(80)",インフェルモン,-
,,,,,,,,,ヴァンデモン,
,,,,,,,,,ワイズモン,
174,ウォーグレイモン,ワクチン,火,2,20,"ドラゴンズロア
：火属性スキルで与えるダメージが１５％増加する。","ガイアフォース
ブレイブトルネード","メテオフォールⅡ(20)
ヴォルケナパームⅢ(35)
アタックチャージフィールド(50)
ヘビーストライクⅢ(65)
メテオフォールⅢ(80)",マメモン,オメガモン
,,,,,,,,,メタルグレイモン,
,,,,,,,,,メタルグレイモン(青),
175,エグザモン,データ,風,1,22,"カレドヴールフ
：命中率と回避率が５％上昇し、クリティカル発生率が１０％上昇する。","ペンドラゴンズグローリー
ドラゴニックインパクト","ウインドクロウⅢ(20)
ゲイルストームⅡ(35)
メテオフォールⅡ(50)
アタックブレイクフィールド(65)
ゲイルストームⅢ(80)",ドルグレモン,-
,,,,,,,,,ライズグレイモン,
176,オファニモン,ワクチン,光,2,20,"ホーリーリング
：ＨＰ回復効果が２０％増加する。",エデンズジャベリン,"シャインレーザーⅡ(20)
パーフェクトリバイブ(35)
ファイナルオーラ(50)
ホーリーライトⅢ(65)
シャインレーザーⅢ(80)",エンジェウーモン,-
,,,,,,,,,ピッコロモン,
177,ガイオウモン,ウィルス,火,3,18,"背水の陣
：与えるダメージが２０％増加するが、受けるダメージも２０％増加する。",燐火斬,"デストラクション(20)
ヴォルケナパームⅢ(35)
ガードブレイクフィールド(50)
メテオフォールⅡ(65)
メテオフォールⅢ(80)",メタルグレイモン,-
,,,,,,,,,メタルグレイモン(青),
,,,,,,,,,ライズグレイモン,
178,カオスデュークモン,ウィルス,闇,1,22,"カオスエキスパート
：攻撃力と知力が１０％上昇する。","デモンズディザスター
ジュデッカプリズン","デストロイキャノンⅢ(20)
メンタルブレイクフィールド(35)
デストラクション(50)
ハイドロウォーターⅢ(65)
オーシャンウェーブⅢ(80)",シャッコウモン,-
,,,,,,,,,メガログラウモン,
179,ガンクゥモン,データ,火,1,22,"親父の意地
：ＨＰ５０％以上で戦闘不能になる攻撃を受けたとき、ＨＰ１で耐える","地神！神鳴！神馳！親父！
ちゃぶ台返し","ヴォルケナパームⅢ(20)
アクセルブースト(35)
アタックチャージフィールド(50)
メテオフォールⅡ(65)
メテオフォールⅢ(80)",スーパースターモン,-
,,,,,,,,,デスメラモン,
180,クズハモン,データ,闇,3,18,"心頭滅却
：混乱にかからなくなる。",胎蔵界曼荼羅,"ナイトメアⅢ(20)
ヘルクラッシャーⅡ(35)
ステータスバリア(50)
チェインロスト(65)
ヘルクラッシャーⅢ(80)",ジュレイモン,-
,,,,,,,,,タオモン,
,,,,,,,,,ヤタガラモン,
181,グランクワガーモン,ウィルス,草木,3,18,"ネイチャースピリッツ
：草木属性スキルで与えるダメージが１５％増加する。",ディメンジョンシザー,"フィジカルドレイン(20)
クレセントリーフⅢ(35)
ゲイルストームⅡ(50)
アタックブレイクフィールド(65)
スピードチャージフィールド(80)",アトラーカブテリモン,-
,,,,,,,,,オオクワモン,
,,,,,,,,,ジュレイモン,
182,グランドロコモン,データ,電気,3,18,"鉄壁の護り
：防御力が１５％上昇する。",デストロイドクラッシュ,"ヘブンズサンダーⅢ(20)
アンチドット(35)
ガードチャージフィールド(50)
サンダーフォールⅡ(65)
サンダーフォールⅢ(80)",ギガドラモン,-
,,,,,,,,,キャノンビーモン,
,,,,,,,,,ナノモン,
183,クレニアムモン,ワクチン,地面,1,22,"鉄壁要塞
：受けるダメージを１０％軽減する。","エンド・ワルツ
ゴッドブレス","グランドロックⅢ(20)
アースクエイクⅡ(35)
ガードチャージフィールド(50)
ガイアエレメントⅢ(65)
アースクエイクⅢ(80)",アンドロモン,-
,,,,,,,,,ナイトモン,
184,ケルビモン,ワクチン,光,1,20,"メディテーション
：毎ターン、ＨＰが最大の５％分回復する。",ヘブンズ・ジャッジメント,"ホーリーライトⅢ(20)
エクスオーラ(35)
シャインレーザーⅡ(50)
シャインレーザーⅢ(65)
セーフティガード(80)",アンティラモン,-
,,,,,,,,,シャッコウモン,
185,サーベルレオモン,データ,風,3,18,"アニマルコロシアム
：地面属性スキルで与えるダメージが１５％増加する。",ネイルクラッシャー,"ウインドクロウⅢ(20)
アクセルブースト(35)
ゲイルストームⅡ(50)
ガードブレイクフィールド(65)
ゲイルストームⅢ(80)",グラップレオモン,-
,,,,,,,,,パンジャモン,
,,,,,,,,,もんざえモン,
186,サクヤモン,データ,光,3,18,"巧みな知恵
：知力が１５％上昇する。",金剛界曼荼羅,"レストア(20)
シャインレーザーⅡ(35)
ファイナルヒール(50)
ホーリーライトⅢ(65)
ステータスバリア(80)",シルフィーモン,-
,,,,,,,,,タオモン,
,,,,,,,,,もんざえモン,
187,ジエスモン,データ,無,1,22,"アウスジェネリクス
：ＨＰが２５％以下になったとき、素早さと回避率が２５％上昇する。","轍剣成敗
シュベルトガイスト","ガードチャージフィールド(20)
リバイブ(35)
アタックチャージフィールド(50)
マッハラッシュⅢ(65)
メテオフォールⅢ(80)",ハックモン,-
188,シャイングレイモン,ワクチン,光,2,20,"火事場の馬鹿力
：ＨＰが５０％以下になったとき、攻撃力が２０％上昇する。",ジオグレイソード,"セイントナックルⅢ(20)
オーラ(35)
アースクエイクⅡ(50)
チェインマックス(65)
メテオフォールⅢ(80)",スカルグレイモン,-
,,,,,,,,,ホーリーエンジェモン,
,,,,,,,,,ライズグレイモン,
189,ジャスティモン,ワクチン,光,3,18,"正義の結束
：コンボが発生・継続する確率が１０％上昇する。",ジャスティスキック,"セイントナックルⅢ(20)
アクセルブースト(35)
クロスカウンター(50)
リバイブ(65)
チェインマックス(80)",ガルダモン,-
,,,,,,,,,サイバードラモン,
,,,,,,,,,スーパースターモン,
190,スレイプモン,ワクチン,光,1,22,"神秘の護り
：状態異常を受ける確率が５０％低下する。","ビフロスト
オーディンズブレス","シャインレーザーⅡ(20)
セイントナックルⅢ(35)
シャインレーザーⅢ(50)
レストア(65)
ファイナルヒール(80)",チィリンモン,-
,,,,,,,,,ドルグレモン,
191,セラフィモン,ワクチン,光,2,20,"ジャスティスゲノム
：光属性スキルで与えるダメージが１５％増加する。",セブンヘブンズ,"ホーリーライトⅢ(20)
シャインレーザーⅡ(35)
ファイナルヒール(50)
シャインレーザーⅢ(65)
パーフェクトリバイブ(80)",チィリンモン,-
,,,,,,,,,ホーリーエンジェモン,
192,セントガルゴモン,ワクチン,電気,3,18,"百発百中
：命中率が１５％上昇する。",バーストショット,"ヘブンズサンダーⅢ(20)
メンタルチャージフィールド(35)
サンダーフォールⅡ(50)
ガイアエレメントⅢ(65)
チェインマックス(80)",キャノンビーモン,-
,,,,,,,,,マッハガオガモン,
,,,,,,,,,ラピッドモン,
193,タイガーヴェスパモン,ウィルス,電気,3,18,"ローヤルコマンド
：アタックをした時に、１０％の確率で対象を麻痺にする。",マッハスティンガーＶ,"ナノマシンブレイクⅢ(20)
スピードチャージフィールド(35)
クレセントリーフⅢ(50)
リフレクトミラー(65)
サンダーフォールⅢ(80)",アンドロモン,-
,,,,,,,,,キャノンビーモン,
,,,,,,,,,ラピッドモン,
194,タイタモン,ウィルス,地面,3,18,"渾身の一撃
：クリティカル発生率が１５％上昇する。",魂魄芯撃,"アースクエイクⅡ(20)
コメットハンマーⅢ(35)
ガードブレイクフィールド(50)
クレセントリーフⅢ(65)
アースクエイクⅢ(80)",サイバードラモン,-
,,,,,,,,,スカルグレイモン,
,,,,,,,,,デジタマモン,
195,ディアナモン,データ,水,1,20,"月下氷刃
：水・光属性スキルで与えるダメージが１０％増加する。",グッドナイト・ムーン,"ディスペル(20)
リフレクトミラー(35)
ナイトメアⅢ(50)
レストア(65)
オーシャンウェーブⅢ(80)",アンティラモン,-
,,,,,,,,,インセキモン,
,,,,,,,,,タオモン,
196,ディアボロモン,フリー,闇,2,20,"破壊神
：アタックをした時に、１０％の確率で対象を即死させる。",カタストロフィーカノン,"デストロイキャノンⅢ(20)
デストラクション(35)
マッハラッシュⅡ(50)
ガードブレイクフィールド(65)
メテオフォールⅢ(80)",アンティラモン,-
,,,,,,,,,インフェルモン,
,,,,,,,,,オオクワモン,
197,デーモン,ウィルス,闇,1,22,"憤怒
：ＨＰが２５％以下になったとき、攻撃力と知力が２５％上昇する。",フレイムインフェルノ,"ナイトメアⅢ(20)
サンダーフォールⅡ(35)
メンタルブレイクフィールド(50)
バーストフレイムⅢ(65)
ヘルクラッシャーⅢ(80)",スカルグレイモン,-
,,,,,,,,,ブルーメラモン,
198,デュークモン,ウィルス,光,1,22,"オールラウンダー
：攻撃力・防御力・知力・素早さが５％上昇する。","ロイヤルセーバー
ファイナル・エリシオン","セイントナックルⅢ(20)
エクスヒール(35)
ガードチャージフィールド(50)
バーストフレイムⅢ(65)
メテオフォールⅢ(80)",メガログラウモン,-
,,,,,,,,,メタルティラノモン,
199,デュナスモン,データ,風,1,22,"飛竜
：火・風属性スキルで与えるダメージが１０％増加する。","ブレス・オブ・ワイバーン
ドラゴンズロア","ウインドクロウⅢ(20)
ゲイルストームⅡ(35)
メテオフォールⅡ(50)
アタックブレイクフィールド(65)
ゲイルストームⅢ(80)",エアロブイドラモン,-
,,,,,,,,,シルフィーモン,
200,ドゥフトモン,データ,光,1,22,"戦略家
：スキルで消費するＳＰが２０％減少する。","アウススターベン
エルンストウェル","セイントナックルⅢ(20)
スピードブレイクフィールド(35)
シャインレーザーⅢ(50)
アースクエイクⅢ(65)
サポートエンド(80)",グラップレオモン,"ドゥフトモンＬＭ"
,,,,,,,,,ナイトモン,
201,ドゥフトモンＬＭ,データ,地面,1,25,"レオパルドモード
：回避率とクリティカル発生率が５％上昇し、素早さが１０％上昇する。",ヴォルケンクラッツァー,"セイントナックルⅢ(20)
スピードブレイクフィールド(35)
シャインレーザーⅢ(50)
アースクエイクⅢ(65)
サポートエンド(80)",-,"ドゥフトモン"
202,ハイアンドロモン,ワクチン,電気,3,18,"メタルエンパイア
：電気属性スキルで与えるダメージが１５％増加する。",アトミック・レイ,"サンダーフォールⅡ(20)
パワーエナジーⅢ(35)
ヘブンズサンダーⅢ(50)
ガードチャージフィールド(65)
サンダーフォールⅢ(80)",アンドロモン,-
,,,,,,,,,ベーダモン,
,,,,,,,,,メタルマメモン,
203,バルバモン,ウィルス,闇,1,22,"強欲
：ＨＰ吸収効果・ＳＰ吸収効果による回復量が２０％増加する。",パンデモニウムロスト,"ナイトメアⅢ(20)
ヘルクラッシャーⅡ(35)
バーストフレイムⅢ(50)
スピリットドレイン(65)
ヘルクラッシャーⅢ(80)",ヴァンデモン,-
,,,,,,,,,ブルーメラモン,
204,バンチョーレオモン,ワクチン,地面,3,18,"背水の陣
：与えるダメージが２０％増加するが、受けるダメージも２０％増加する。",フラッシュバンチョーパンチ,"アースクエイクⅡ(20)
アクセルブースト(35)
コメットハンマーⅢ(50)
アタックチャージフィールド(65)
アースクエイクⅢ(80)",グラップレオモン,-
,,,,,,,,,パンジャモン,
,,,,,,,,,マッハガオガモン,
,,,,,,,,,ワーガルルモン(黒),
205,ピエモン,ウィルス,闇,3,18,"トリックスター
：アタックをした時に、１０％の確率で対象を液晶化にする。",トランプ・ソード,"デストラクション(20)
ヘルクラッシャーⅡ(35)
ナイトメアⅢ(50)
テクスチャブロー(65)
ヘルクラッシャーⅢ(80)",ヴァンデモン,-
,,,,,,,,,エテモン,
,,,,,,,,,ワイズモン,
206,ピノッキモン,ウィルス,草木,3,18,"奇怪な踊り
：アタックをした時に、１０％の確率で対象を混乱にする。",ブリットハンマー,"クレセントリーフⅢ(20)
グランドロックⅢ(35)
メンタルブレイクフィールド(50)
ルーンフォレストⅡ(65)
ルーンフォレストⅢ(80)",ジュレイモン,-
,,,,,,,,,パンプモン,
,,,,,,,,,マメモン,
207,プラチナヌメモン,ウィルス,無,3,16,"プラチナボーナス
：バトルで得られるＥＸＰが増加する。",プラチナエクスクレメント,"とんずらダッシュ(20)
アタックブレイクフィールド(35)
ガードブレイクフィールド(50)
メンタルブレイクフィールド(65)
スピードブレイクフィールド(80)",ゴールドヌメモン,-
,,,,,,,,,エテモン,
,,,,,,,,,スーパースターモン,
,,,,,,,,,ブラックキングヌメモン,
208,ブラックウォーグレイモン,ウィルス,火,2,20,"竜の怒り
：攻撃力が１５％上昇する。","暗黒のガイアフォース
ブラックトルネード","メテオフォールⅡ(20)
ヴォルケナパームⅢ(35)
ガードチャージフィールド(50)
マッハラッシュⅡ(65)
メテオフォールⅢ(80)",メガドラモン,オメガモンズワルト
,,,,,,,,,メタルグレイモン(青),
,,,,,,,,,メタルティラノモン,
209,プリンスマメモン,データ,無,3,16,"ミリオネア
：バトルで得られるＹＥＮが増加する。",スマイリーウォーヘッド,"チェインマイナス(20)
とんずらダッシュ(35)
パワーエナジーⅢ(50)
メンタルチャージフィールド(65)
ファイナルヒール(80)",ブラックキングヌメモン,-
,,,,,,,,,マメモン,
,,,,,,,,,メタルマメモン,
210,プレシオモン,データ,水,3,18,"深海の眠り
：アタックをした時に、１０％の確率で対象を眠りにする。",ソローブルー,"オーシャンウェーブⅡ(20)
エクスオーラ(35)
ハイドロウォーターⅢ(50)
ステータスバリア(65)
オーシャンウェーブⅢ(80)",トノサマゲコモン,-
,,,,,,,,,ホエーモン,
,,,,,,,,,メガシードラモン,
211,ヘラクルカブテリモン,ワクチン,草木,3,18,"痺れ流し
：麻痺にかからなくなる。",ギガブラスター,"ガイアエレメントⅢ(20)
サンダーフォールⅡ(35)
ルーンフォレストⅡ(50)
メンタルチャージフィールド(65)
ルーンフォレストⅢ(80)",アトラーカブテリモン,-
,,,,,,,,,オオクワモン,
,,,,,,,,,ベーダモン,
212,ベルゼブモン,ウィルス,闇,1,22,"暴食
：毎ターン、ＨＰが最大の５％減少し、攻撃力が５％上昇する。",ダブルインパクト,"デストロイキャノンⅢ(20)
フィジカルドレイン(35)
コメットハンマーⅢ(50)
メテオフォールⅡ(65)
ヘルクラッシャーⅢ(80)",インフェルモン,-
,,,,,,,,,デスメラモン,
213,ベルフェモンＳＭ,ウィルス,闇,1,22,"怠惰
：眠りにかからなくなる。
また、アタックをした時に３０％の確率で対象を眠りにする。",エターナルナイトメア,"デストロイキャノンⅢ(20)
チェインマイナス(35)
グランドロックⅢ(50)
メンタルブレイクフィールド(65)
ヘルクラッシャーⅢ(80)",デジタマモン,"ベルフェモンＲＭ"
,,,,,,,,,ワイズモン,
214,ホウオウモン,ワクチン,火,3,18,"不死鳥の羽
：即死にかからなくなる。",Ｓエクスプロージョン,"バーストフレイムⅢ(20)
ステータスバリア(35)
パワーエナジーⅢ(50)
ファイナルヒール(65)
セーフティガード(80)",ガルダモン,-
,,,,,,,,,シルフィーモン,
,,,,,,,,,ピッコロモン,
215,ホーリードラモン,ワクチン,光,2,20,"妖精の加護
：与えるステータス上昇効果が５％増加する。",ホーリーフレイム,"シャインレーザーⅡ(20)
ホーリーライトⅢ(35)
パーフェクトリバイブ(50)
エクスオーラ(65)
シャインレーザーⅢ(80)",アトラーカブテリモン,-
,,,,,,,,,エンジェウーモン,
,,,,,,,,,リリモン,
216,ボルトモン,データ,電気,3,18,"不動
：スタンにかからなくなる。",トマホークシュタイナー,"ナノマシンブレイクⅢ(20)
クロスカウンター(35)
スピードチャージフィールド(50)
アタックブレイクフィールド(65)
サンダーフォールⅢ(80)",デスメラモン,-
,,,,,,,,,パンプモン,
,,,,,,,,,ブルーメラモン,
217,マスティモン,ワクチン,無,1,22,"異世界の軍師
：光・闇属性スキルで与えるダメージが１０％増加し、
ＨＰ回復効果が１０％増加する。",カオスディグレイド,"シャインレーザーⅢ(20)
ヘルクラッシャーⅢ(35)
ファイナルオーラ(50)
チェインマックス(65)
セーフティガード(80)",エンジェウーモン,-
,,,,,,,,,レディーデビモン,
218,マリンエンジェモン,ワクチン,水,3,18,"オーシャンラブ
：毎ターン、ＳＰが最大の５％分回復する。",オーシャンラブ,"ハイドロウォーターⅢ(20)
オーシャンウェーブⅡ(35)
ディスペル(50)
ファイナルオーラ(65)
セーフティガード(80)",ズドモン,-
,,,,,,,,,ピッコロモン,
,,,,,,,,,ホエーモン,
219,ミネルヴァモン,ウィルス,無,1,20,"プライマルトルーパー
：無属性スキルで与えるダメージが１５％増加する。",ストライクロール,"ヘビーストライクⅢ(20)
マッハラッシュⅡ(35)
ガードブレイクフィールド(50)
クレセントリーフⅢ(65)
マッハラッシュⅢ(80)",デジタマモン,-
,,,,,,,,,もんざえモン,
,,,,,,,,,ヤタガラモン,
,,,,,,,,,ワーガルルモン(黒),
220,ミラージュガオガモン,データ,風,3,18,"フェイント
：回避率が７％上昇する。",フルムーンブラスター,"ゲイルストームⅡ(20)
ウインドクロウⅢ(35)
リフレクトミラー(50)
スピードチャージフィールド(65)
ゲイルストームⅢ(80)",パンジャモン,-
,,,,,,,,,マッハガオガモン,
,,,,,,,,,ワーガルルモン,
221,ムゲンドラモン,ウィルス,電気,3,18,"フル稼働マシーン
：眠りにかからなくなる。",∞キャノン,"マッハラッシュⅡ(20)
ナノマシンブレイクⅢ(35)
アタックチャージフィールド(50)
スピードブレイクフィールド(65)
サンダーフォールⅢ(80)",ギガドラモン,-
,,,,,,,,,ナノモン,
,,,,,,,,,メガドラモン,
222,メタルエテモン,ウィルス,地面,3,18,"強化サルスーツ
：受ける物理ダメージを１５％軽減する。",バナナスリップ,"とんずらダッシュ(20)
メンタルブレイクフィールド(35)
アースクエイクⅡ(50)
チェインロスト(65)
アースクエイクⅢ(80)",インセキモン,-
,,,,,,,,,エテモン,
,,,,,,,,,ブラックキングヌメモン,
223,メタルガルルモン,データ,水,3,18,"野生の鼓動
：素早さが１５％上昇する。","グレイスクロスフリーザー
ガルルトマホーク","アイスアーチェリーⅢ(20)
オーラ(35)
スピードチャージフィールド(50)
ソニックヴォイドⅢ(65)
オーシャンウェーブⅢ(80)",チィリンモン,オメガモン
,,,,,,,,,ズドモン,
,,,,,,,,,ワーガルルモン,
224,メタルガルルモン(黒),ウィルス,電気,3,18,"威嚇
：アタックをした時に、１０％の確率で対象をスタンにする。","グレイスクロスフリーザー
ガルルトマホーク","サンダーフォールⅡ(20)
アイスアーチェリーⅢ(35)
ヘブンズサンダーⅢ(50)
スピードブレイクフィールド(65)
サンダーフォールⅢ(80)",ナノモン,オメガモンズワルト
,,,,,,,,,ラピッドモン,
,,,,,,,,,ワーガルルモン,
,,,,,,,,,ワーガルルモン(黒),
225,メタルシードラモン,データ,水,3,18,"不思議なウロコ
：受けるステータス下降効果を５％軽減する。",アルティメットストリーム,"ハイドロウォーターⅢ(20)
オーシャンウェーブⅡ(35)
アタックブレイクフィールド(50)
ヘブンズサンダーⅢ(65)
オーシャンウェーブⅢ(80)",ギガドラモン,-
,,,,,,,,,ホエーモン,
,,,,,,,,,メガシードラモン,
226,ラストティラノモン,ウィルス,電気,3,18,"威嚇
：アタックをした時に、１０％の確率で対象をスタンにする。",テラーズクラスター,"マッハラッシュⅡ(20)
ナノマシンブレイクⅢ(35)
ガードチャージフィールド(50)
スピードブレイクフィールド(65)
サンダーフォールⅢ(80)",メガログラウモン,-
,,,,,,,,,メタルグレイモン,
,,,,,,,,,メタルティラノモン,
227,リヴァイアモン,ウィルス,水,1,22,"嫉妬
：対象が究極体以上のとき、与えるダメージが１５％増加する。",ロストルム,"アイスアーチェリーⅢ(20)
グランドロックⅢ(35)
ガードブレイクフィールド(50)
パワーエナジーⅢ(65)
オーシャンウェーブⅢ(80)",トノサマゲコモン,-
,,,,,,,,,メガシードラモン,
228,リリスモン,ウィルス,闇,1,22,"色欲
：物理攻撃を受けたとき、ダメージの１０％を軽減しＳＰに変換する。",ファントムペイン,"ヘルクラッシャーⅡ(20)
スピリットドレイン(35)
ナイトメアⅢ(50)
アタックブレイクフィールド(65)
ヘルクラッシャーⅢ(80)",ライラモン,-
,,,,,,,,,レディーデビモン,
229,レイヴモン,ワクチン,風,3,18,"ウィンドガーディアンズ
：風属性スキルで与えるダメージが１５％増加する。",天之尾羽張,"ソニックヴォイドⅢ(20)
オーラ(35)
ゲイルストームⅡ(50)
スピードチャージフィールド(65)
ゲイルストームⅢ(80)",エアロブイドラモン,-
,,,,,,,,,ガルダモン,
,,,,,,,,,ヤタガラモン,
230,ロードナイトモン,ウィルス,闇,1,22,"冷酷無比
：有利な属性に与えるダメージが１５％増加する。","スパイラルマスカレード
アージェントフィアー","デストロイキャノンⅢ(20)
ヘルクラッシャーⅡ(35)
スピードブレイクフィールド(50)
ガイアエレメントⅢ(65)
ヘルクラッシャーⅢ(80)",ナイトモン,-
,,,,,,,,,ホーリーエンジェモン,
231,ロゼモン,データ,草木,3,18,"猛毒のトゲ
：アタックをした時に、１０％の確率で対象を猛毒にする。",ソーンウィップ,"ルーンフォレストⅡ(20)
ガイアエレメントⅢ(35)
ファイナルオーラ(50)
メンタルチャージフィールド(65)
ルーンフォレストⅢ(80)",パンプモン,-
,,,,,,,,,ライラモン,
,,,,,,,,,リリモン,
232,ロトスモン,データ,草木,3,18,"フラワーガード
：猛毒にかからなくなる。",セブンズファンタジア,"ルーンフォレストⅡ(20)
ガイアエレメントⅢ(35)
エクスオーラ(50)
サポートエンド(65)
ルーンフォレストⅢ(80)",ライラモン,-
,,,,,,,,,リリモン,
,,,,,,,,,レディーデビモン,
233,インペリアルドラモンＰＭ,ワクチン,光,1,25,"救世の護法
：不利な種族から受けるダメージを１５％軽減する。",オメガブレード,"ホーリーライトⅢ(20)
メンタルチャージフィールド(35)
セイントナックルⅢ(50)
レストア(65)
パーフェクトリバイブ(80)",インペリアルドラモンＤＭ,-
234,オメガモン,ワクチン,光,1,25,"聖騎士
：素早さが１０％上昇し、火・光属性スキルで与えるダメージが１０％増加する。","グレイソード
ガルルキャノン","セイントナックルⅢ(20)
クロスカウンター(35)
アタックチャージフィールド(50)
チェインマックス(65)
ホーリーライトⅢ(80)",ウォーグレイモン,-
,,,,,,,,,メタルガルルモン,
235,オメガモンズワルト,ワクチン,闇,1,25,"漆黒の騎士
：防御力が１０％上昇し、水・闇属性スキルで与えるダメージが１０％増加する。","グレイソード
ガルルキャノン","デストロイキャノンⅢ(20)
リフレクトミラー(35)
アクセルブースト(50)
チェインロスト(65)
ヘルクラッシャーⅢ(80)",ブラックウォーグレイモン,-
,,,,,,,,,メタルガルルモン(黒),
236,ベルフェモンＲＭ,ウィルス,闇,0,25,"怒りの咆哮
：アタックをした時に対象が完全体以下である場合、３０％の確率で即死させる。",ギフトオブダークネス,"デストロイキャノンⅢ(20)
チェインマイナス(35)
グランドロックⅢ(50)
メンタルブレイクフィールド(65)
ヘルクラッシャーⅢ(80)",-,"ベルフェモンＳＭ"
237,ルーチェモンＳＭ,ウィルス,闇,0,25,"ゲヘナ
：魔法攻撃を受けたとき、ダメージの１０％を軽減しＨＰに変換する。",ディバインアトーンメント,"ナイトメアⅢ(20)
メンタルブレイクフィールド(35)
マッハラッシュⅢ(50)
ヘルクラッシャーⅢ(65)
サポートエンド(80)",ルーチェモンＦＭ,-
238,フレイドラモン,フリー,火,3,8,"火事場の馬鹿力
：ＨＰ５０％以下になったとき、攻撃力が２０％上昇する。",ナックルファイア,"アクセルブースト(10)
クロスカウンター(18)
ヴォルケナパームⅢ(25)",ブイモン,-
239,マグナモン,フリー,地面,2,22,"奇跡
：１０％の確率で受けるダメージを３０％軽減する。","Ｓゴールドソーラーストーム
プラズマシュート","アースクエイクⅡ(20)
リバイブ(35)
コメットハンマーⅢ(50)
ガードチャージフィールド(65)
アースクエイクⅢ(80)",ブイモン,-
240,ラピッドモン(アーマー),ワクチン,光,3,18,"運命
：毎ターン、ＨＰとＳＰが最大の３％分回復する。",ゴールデントライアングル,"セイントナックルⅢ(20)
シャインレーザーⅡ(35)
ディスペル(50)
スピードチャージフィールド(65)
シャインレーザーⅢ(80)",テリアモン,-